{"metadata":{"kernel_spec":{"name":"SQL","language":"sql","display_name":"SQL"},"language_info":{"name":"sql","version":""}},"nbformat":4,"nbformat_minor":2,"cells":[{"cell_type":"markdown","source":["# [23jn02_G05]"],"metadata":{"urn":"Server[@Name='JNSV01\\SOTSU']/Database[@Name='23jn02_G05']","object_type":"Database"}},{"outputs":[],"execution_count":0,"cell_type":"code","source":["USE [master]\r\n","GO\r\n"],"metadata":{"urn":"Server[@Name='JNSV01\\SOTSU']/Database[@Name='23jn02_G05']","object_type":"Database"}},{"outputs":[],"execution_count":0,"cell_type":"code","source":["/****** Object:  Database [23jn02_G05]    Script Date: 2025/02/04 15:24:34 ******/\r\nCREATE DATABASE [23jn02_G05]\r\n CONTAINMENT = NONE\r\n ON  PRIMARY \r\n( NAME = N'23jn02_G05', FILENAME = N'C:\\Program Files\\Microsoft SQL Server\\MSSQL15.SOTSU\\MSSQL\\DATA\\23jn02_G05.mdf' , SIZE = 8192KB , MAXSIZE = UNLIMITED, FILEGROWTH = 1024KB )\r\n LOG ON \r\n( NAME = N'23jn02_G05_log', FILENAME = N'C:\\Program Files\\Microsoft SQL Server\\MSSQL15.SOTSU\\MSSQL\\DATA\\23jn02_G05_log.ldf' , SIZE = 10176KB , MAXSIZE = 2048GB , FILEGROWTH = 10%)\r\n WITH CATALOG_COLLATION = DATABASE_DEFAULT\r\n","GO\r\n","ALTER DATABASE [23jn02_G05] SET COMPATIBILITY_LEVEL = 150\r\n","GO\r\n","IF (1 = FULLTEXTSERVICEPROPERTY('IsFullTextInstalled'))\r\nbegin\r\nEXEC [23jn02_G05].[dbo].[sp_fulltext_database] @action = 'enable'\r\nend\r\n","GO\r\n","ALTER DATABASE [23jn02_G05] SET ANSI_NULL_DEFAULT OFF \r\n","GO\r\n","ALTER DATABASE [23jn02_G05] SET ANSI_NULLS OFF \r\n","GO\r\n","ALTER DATABASE [23jn02_G05] SET ANSI_PADDING OFF \r\n","GO\r\n","ALTER DATABASE [23jn02_G05] SET ANSI_WARNINGS OFF \r\n","GO\r\n","ALTER DATABASE [23jn02_G05] SET ARITHABORT OFF \r\n","GO\r\n","ALTER DATABASE [23jn02_G05] SET AUTO_CLOSE OFF \r\n","GO\r\n","ALTER DATABASE [23jn02_G05] SET AUTO_SHRINK OFF \r\n","GO\r\n","ALTER DATABASE [23jn02_G05] SET AUTO_UPDATE_STATISTICS ON \r\n","GO\r\n","ALTER DATABASE [23jn02_G05] SET CURSOR_CLOSE_ON_COMMIT OFF \r\n","GO\r\n","ALTER DATABASE [23jn02_G05] SET CURSOR_DEFAULT  GLOBAL \r\n","GO\r\n","ALTER DATABASE [23jn02_G05] SET CONCAT_NULL_YIELDS_NULL OFF \r\n","GO\r\n","ALTER DATABASE [23jn02_G05] SET NUMERIC_ROUNDABORT OFF \r\n","GO\r\n","ALTER DATABASE [23jn02_G05] SET QUOTED_IDENTIFIER OFF \r\n","GO\r\n","ALTER DATABASE [23jn02_G05] SET RECURSIVE_TRIGGERS OFF \r\n","GO\r\n","ALTER DATABASE [23jn02_G05] SET  DISABLE_BROKER \r\n","GO\r\n","ALTER DATABASE [23jn02_G05] SET AUTO_UPDATE_STATISTICS_ASYNC OFF \r\n","GO\r\n","ALTER DATABASE [23jn02_G05] SET DATE_CORRELATION_OPTIMIZATION OFF \r\n","GO\r\n","ALTER DATABASE [23jn02_G05] SET TRUSTWORTHY OFF \r\n","GO\r\n","ALTER DATABASE [23jn02_G05] SET ALLOW_SNAPSHOT_ISOLATION OFF \r\n","GO\r\n","ALTER DATABASE [23jn02_G05] SET PARAMETERIZATION SIMPLE \r\n","GO\r\n","ALTER DATABASE [23jn02_G05] SET READ_COMMITTED_SNAPSHOT OFF \r\n","GO\r\n","ALTER DATABASE [23jn02_G05] SET HONOR_BROKER_PRIORITY OFF \r\n","GO\r\n","ALTER DATABASE [23jn02_G05] SET RECOVERY FULL \r\n","GO\r\n","ALTER DATABASE [23jn02_G05] SET  MULTI_USER \r\n","GO\r\n","ALTER DATABASE [23jn02_G05] SET PAGE_VERIFY CHECKSUM  \r\n","GO\r\n","ALTER DATABASE [23jn02_G05] SET DB_CHAINING OFF \r\n","GO\r\n","ALTER DATABASE [23jn02_G05] SET FILESTREAM( NON_TRANSACTED_ACCESS = OFF ) \r\n","GO\r\n","ALTER DATABASE [23jn02_G05] SET TARGET_RECOVERY_TIME = 60 SECONDS \r\n","GO\r\n","ALTER DATABASE [23jn02_G05] SET DELAYED_DURABILITY = DISABLED \r\n","GO\r\n","ALTER DATABASE [23jn02_G05] SET ACCELERATED_DATABASE_RECOVERY = OFF  \r\n","GO\r\n","EXEC sys.sp_db_vardecimal_storage_format N'23jn02_G05', N'ON'\r\n","GO\r\n","ALTER DATABASE [23jn02_G05] SET QUERY_STORE = OFF\r\n","GO\r\n"],"metadata":{"urn":"Server[@Name='JNSV01\\SOTSU']/Database[@Name='23jn02_G05']","object_type":"Database"}},{"cell_type":"markdown","source":["# [23jn02_G05]"],"metadata":{"urn":"Server[@Name='JNSV01\\SOTSU']/Database[@Name='23jn02_G05']/User[@Name='23jn02_G05']","object_type":"User"}},{"outputs":[],"execution_count":0,"cell_type":"code","source":["USE [23jn02_G05]\r\n","GO\r\n"],"metadata":{"urn":"Server[@Name='JNSV01\\SOTSU']/Database[@Name='23jn02_G05']/User[@Name='23jn02_G05']","object_type":"User"}},{"outputs":[],"execution_count":0,"cell_type":"code","source":["/****** Object:  User [23jn02_G05]    Script Date: 2025/02/04 15:24:34 ******/\r\nCREATE USER [23jn02_G05] FOR LOGIN [23jn02_G05] WITH DEFAULT_SCHEMA=[dbo]\r\n","GO\r\n"],"metadata":{"urn":"Server[@Name='JNSV01\\SOTSU']/Database[@Name='23jn02_G05']/User[@Name='23jn02_G05']","object_type":"User"}},{"outputs":[],"execution_count":0,"cell_type":"code","source":["ALTER ROLE [db_owner] ADD MEMBER [23jn02_G05]\r\n","GO\r\n"],"metadata":{"urn":"Server[@Name='JNSV01\\SOTSU']/Database[@Name='23jn02_G05']/User[@Name='23jn02_G05']","object_type":"User"}},{"cell_type":"markdown","source":["# [dbo].[Cart]"],"metadata":{"urn":"Server[@Name='JNSV01\\SOTSU']/Database[@Name='23jn02_G05']/Table[@Name='Cart' and @Schema='dbo']","object_type":"Table"}},{"outputs":[],"execution_count":0,"cell_type":"code","source":["/****** Object:  Table [dbo].[Cart]    Script Date: 2025/02/04 15:24:34 ******/\r\nSET ANSI_NULLS ON\r\n","GO\r\n","SET QUOTED_IDENTIFIER ON\r\n","GO\r\n","CREATE TABLE [dbo].[Cart](\r\n\t[kaiinID] [int] NULL,\r\n\t[goodsCode] [int] NULL,\r\n\t[num] [int] NULL,\r\n\t[groupCode] [int] NULL\r\n) ON [PRIMARY]\r\nGO\r\n"],"metadata":{"urn":"Server[@Name='JNSV01\\SOTSU']/Database[@Name='23jn02_G05']/Table[@Name='Cart' and @Schema='dbo']","object_type":"Table"}},{"cell_type":"markdown","source":["# [dbo].[Denpyo]"],"metadata":{"urn":"Server[@Name='JNSV01\\SOTSU']/Database[@Name='23jn02_G05']/Table[@Name='Denpyo' and @Schema='dbo']","object_type":"Table"}},{"outputs":[],"execution_count":0,"cell_type":"code","source":["/****** Object:  Table [dbo].[Denpyo]    Script Date: 2025/02/04 15:24:34 ******/\r\nSET ANSI_NULLS ON\r\n","GO\r\n","SET QUOTED_IDENTIFIER ON\r\n","GO\r\n","CREATE TABLE [dbo].[Denpyo](\r\n\t[DenpyoID] [int] IDENTITY(1,1) NOT NULL,\r\n\t[kaiinID] [int] NULL,\r\n\t[goodsCode] [int] NULL,\r\n\t[num] [int] NULL,\r\n\t[groupCode] [int] NULL,\r\n\t[OrderState] [int] NULL,\r\nPRIMARY KEY CLUSTERED \r\n(\r\n\t[DenpyoID] ASC\r\n)WITH (PAD_INDEX = OFF, STATISTICS_NORECOMPUTE = OFF, IGNORE_DUP_KEY = OFF, ALLOW_ROW_LOCKS = ON, ALLOW_PAGE_LOCKS = ON, OPTIMIZE_FOR_SEQUENTIAL_KEY = OFF) ON [PRIMARY]\r\n) ON [PRIMARY]\r\nGO\r\n"],"metadata":{"urn":"Server[@Name='JNSV01\\SOTSU']/Database[@Name='23jn02_G05']/Table[@Name='Denpyo' and @Schema='dbo']","object_type":"Table"}},{"cell_type":"markdown","source":["# [dbo].[goods]"],"metadata":{"urn":"Server[@Name='JNSV01\\SOTSU']/Database[@Name='23jn02_G05']/Table[@Name='goods' and @Schema='dbo']","object_type":"Table"}},{"outputs":[],"execution_count":0,"cell_type":"code","source":["/****** Object:  Table [dbo].[goods]    Script Date: 2025/02/04 15:24:34 ******/\r\nSET ANSI_NULLS ON\r\n","GO\r\n","SET QUOTED_IDENTIFIER ON\r\n","GO\r\n","CREATE TABLE [dbo].[goods](\r\n\t[goodscode] [int] IDENTITY(1,1) NOT NULL,\r\n\t[name] [varchar](255) NOT NULL,\r\n\t[price] [int] NOT NULL,\r\n\t[img] [varchar](255) NOT NULL,\r\n\t[groupCode] [int] NOT NULL,\r\n\t[detail] [text] NOT NULL,\r\nPRIMARY KEY CLUSTERED \r\n(\r\n\t[goodscode] ASC\r\n)WITH (PAD_INDEX = OFF, STATISTICS_NORECOMPUTE = OFF, IGNORE_DUP_KEY = OFF, ALLOW_ROW_LOCKS = ON, ALLOW_PAGE_LOCKS = ON, OPTIMIZE_FOR_SEQUENTIAL_KEY = OFF) ON [PRIMARY]\r\n) ON [PRIMARY] TEXTIMAGE_ON [PRIMARY]\r\nGO\r\n"],"metadata":{"urn":"Server[@Name='JNSV01\\SOTSU']/Database[@Name='23jn02_G05']/Table[@Name='goods' and @Schema='dbo']","object_type":"Table"}},{"cell_type":"markdown","source":["# [dbo].[groups]"],"metadata":{"urn":"Server[@Name='JNSV01\\SOTSU']/Database[@Name='23jn02_G05']/Table[@Name='groups' and @Schema='dbo']","object_type":"Table"}},{"outputs":[],"execution_count":0,"cell_type":"code","source":["/****** Object:  Table [dbo].[groups]    Script Date: 2025/02/04 15:24:34 ******/\r\nSET ANSI_NULLS ON\r\n","GO\r\n","SET QUOTED_IDENTIFIER ON\r\n","GO\r\n","CREATE TABLE [dbo].[groups](\r\n\t[groupCode] [int] NOT NULL,\r\n\t[groupName] [varchar](50) NOT NULL,\r\nPRIMARY KEY CLUSTERED \r\n(\r\n\t[groupCode] ASC\r\n)WITH (PAD_INDEX = OFF, STATISTICS_NORECOMPUTE = OFF, IGNORE_DUP_KEY = OFF, ALLOW_ROW_LOCKS = ON, ALLOW_PAGE_LOCKS = ON, OPTIMIZE_FOR_SEQUENTIAL_KEY = OFF) ON [PRIMARY]\r\n) ON [PRIMARY]\r\nGO\r\n"],"metadata":{"urn":"Server[@Name='JNSV01\\SOTSU']/Database[@Name='23jn02_G05']/Table[@Name='groups' and @Schema='dbo']","object_type":"Table"}},{"cell_type":"markdown","source":["# [dbo].[Kaiin]"],"metadata":{"urn":"Server[@Name='JNSV01\\SOTSU']/Database[@Name='23jn02_G05']/Table[@Name='Kaiin' and @Schema='dbo']","object_type":"Table"}},{"outputs":[],"execution_count":0,"cell_type":"code","source":["/****** Object:  Table [dbo].[Kaiin]    Script Date: 2025/02/04 15:24:34 ******/\r\nSET ANSI_NULLS ON\r\n","GO\r\n","SET QUOTED_IDENTIFIER ON\r\n","GO\r\n","CREATE TABLE [dbo].[Kaiin](\r\n\t[kaiinID] [int] NOT NULL,\r\n\t[sei] [varchar](100) NULL,\r\n\t[mei] [varchar](100) NULL,\r\n\t[EMail] [varchar](100) NULL,\r\n\t[tel] [varchar](100) NULL,\r\n\t[psword] [varchar](100) NULL,\r\nPRIMARY KEY CLUSTERED \r\n(\r\n\t[kaiinID] ASC\r\n)WITH (PAD_INDEX = OFF, STATISTICS_NORECOMPUTE = OFF, IGNORE_DUP_KEY = OFF, ALLOW_ROW_LOCKS = ON, ALLOW_PAGE_LOCKS = ON, OPTIMIZE_FOR_SEQUENTIAL_KEY = OFF) ON [PRIMARY]\r\n) ON [PRIMARY]\r\nGO\r\n"],"metadata":{"urn":"Server[@Name='JNSV01\\SOTSU']/Database[@Name='23jn02_G05']/Table[@Name='Kaiin' and @Schema='dbo']","object_type":"Table"}},{"cell_type":"markdown","source":["# [dbo].[Orders]"],"metadata":{"urn":"Server[@Name='JNSV01\\SOTSU']/Database[@Name='23jn02_G05']/Table[@Name='Orders' and @Schema='dbo']","object_type":"Table"}},{"outputs":[],"execution_count":0,"cell_type":"code","source":["/****** Object:  Table [dbo].[Orders]    Script Date: 2025/02/04 15:24:34 ******/\r\nSET ANSI_NULLS ON\r\n","GO\r\n","SET QUOTED_IDENTIFIER ON\r\n","GO\r\n","CREATE TABLE [dbo].[Orders](\r\n\t[orderID] [int] IDENTITY(1,1) NOT NULL,\r\n\t[kaiinID] [int] NOT NULL,\r\n\t[dish_name] [nvarchar](255) NOT NULL,\r\n\t[price] [decimal](10, 2) NOT NULL,\r\n\t[num] [int] NOT NULL,\r\n\t[total_price]  AS (([price]*[num])*(1.1)),\r\n\t[order_date] [datetime] NULL,\r\nPRIMARY KEY CLUSTERED \r\n(\r\n\t[orderID] ASC\r\n)WITH (PAD_INDEX = OFF, STATISTICS_NORECOMPUTE = OFF, IGNORE_DUP_KEY = OFF, ALLOW_ROW_LOCKS = ON, ALLOW_PAGE_LOCKS = ON, OPTIMIZE_FOR_SEQUENTIAL_KEY = OFF) ON [PRIMARY]\r\n) ON [PRIMARY]\r\nGO\r\n"],"metadata":{"urn":"Server[@Name='JNSV01\\SOTSU']/Database[@Name='23jn02_G05']/Table[@Name='Orders' and @Schema='dbo']","object_type":"Table"}},{"cell_type":"markdown","source":["# [dbo].[Shain]"],"metadata":{"urn":"Server[@Name='JNSV01\\SOTSU']/Database[@Name='23jn02_G05']/Table[@Name='Shain' and @Schema='dbo']","object_type":"Table"}},{"outputs":[],"execution_count":0,"cell_type":"code","source":["/****** Object:  Table [dbo].[Shain]    Script Date: 2025/02/04 15:24:34 ******/\r\nSET ANSI_NULLS ON\r\n","GO\r\n","SET QUOTED_IDENTIFIER ON\r\n","GO\r\n","CREATE TABLE [dbo].[Shain](\r\n\t[shainID] [int] NOT NULL,\r\n\t[sei] [varchar](100) NOT NULL,\r\n\t[mei] [varchar](100) NOT NULL,\r\n\t[EMail] [varchar](100) NOT NULL,\r\n\t[password] [varchar](255) NULL,\r\n\t[phone_number] [varchar](100) NULL,\r\nPRIMARY KEY CLUSTERED \r\n(\r\n\t[shainID] ASC\r\n)WITH (PAD_INDEX = OFF, STATISTICS_NORECOMPUTE = OFF, IGNORE_DUP_KEY = OFF, ALLOW_ROW_LOCKS = ON, ALLOW_PAGE_LOCKS = ON, OPTIMIZE_FOR_SEQUENTIAL_KEY = OFF) ON [PRIMARY]\r\n) ON [PRIMARY]\r\nGO\r\n"],"metadata":{"urn":"Server[@Name='JNSV01\\SOTSU']/Database[@Name='23jn02_G05']/Table[@Name='Shain' and @Schema='dbo']","object_type":"Table"}},{"cell_type":"markdown","source":["# [dbo].[tableNo]"],"metadata":{"urn":"Server[@Name='JNSV01\\SOTSU']/Database[@Name='23jn02_G05']/Table[@Name='tableNo' and @Schema='dbo']","object_type":"Table"}},{"outputs":[],"execution_count":0,"cell_type":"code","source":["/****** Object:  Table [dbo].[tableNo]    Script Date: 2025/02/04 15:24:34 ******/\r\nSET ANSI_NULLS ON\r\n","GO\r\n","SET QUOTED_IDENTIFIER ON\r\n","GO\r\n","CREATE TABLE [dbo].[tableNo](\r\n\t[tableNo] [int] NOT NULL,\r\n\t[yobidasiState] [int] NULL,\r\n\t[syokujistate] [int] NULL,\r\n\t[kaiinID] [int] NULL,\r\nPRIMARY KEY CLUSTERED \r\n(\r\n\t[tableNo] ASC\r\n)WITH (PAD_INDEX = OFF, STATISTICS_NORECOMPUTE = OFF, IGNORE_DUP_KEY = OFF, ALLOW_ROW_LOCKS = ON, ALLOW_PAGE_LOCKS = ON, OPTIMIZE_FOR_SEQUENTIAL_KEY = OFF) ON [PRIMARY]\r\n) ON [PRIMARY]\r\nGO\r\n"],"metadata":{"urn":"Server[@Name='JNSV01\\SOTSU']/Database[@Name='23jn02_G05']/Table[@Name='tableNo' and @Schema='dbo']","object_type":"Table"}},{"cell_type":"markdown","source":["# [dbo].[Denpyo]"],"metadata":{"urn":"Server[@Name='JNSV01\\SOTSU']/Database[@Name='23jn02_G05']/Table[@Name='Denpyo' and @Schema='dbo']","object_type":"Table"}},{"outputs":[],"execution_count":0,"cell_type":"code","source":["SET IDENTITY_INSERT [dbo].[Denpyo] ON \r\n","INSERT [dbo].[Denpyo] ([DenpyoID], [kaiinID], [goodsCode], [num], [groupCode], [OrderState]) VALUES (169, 14, 4, 1, 1, 2)\r\n","INSERT [dbo].[Denpyo] ([DenpyoID], [kaiinID], [goodsCode], [num], [groupCode], [OrderState]) VALUES (170, 14, 5, 1, 1, 0)\r\n","SET IDENTITY_INSERT [dbo].[Denpyo] OFF\r\n","GO\r\n"],"metadata":{"urn":"Server[@Name='JNSV01\\SOTSU']/Database[@Name='23jn02_G05']/Table[@Name='Denpyo' and @Schema='dbo']","object_type":"Table"}},{"cell_type":"markdown","source":["# [dbo].[goods]"],"metadata":{"urn":"Server[@Name='JNSV01\\SOTSU']/Database[@Name='23jn02_G05']/Table[@Name='goods' and @Schema='dbo']","object_type":"Table"}},{"outputs":[],"execution_count":0,"cell_type":"code","source":["SET IDENTITY_INSERT [dbo].[goods] ON \r\n","INSERT [dbo].[goods] ([goodscode], [name], [price], [img], [groupCode], [detail]) VALUES (1, N'刺身盛り合わせ', 2000, N'../image/Sashimi02.jpg', 1, N'新鮮な刺身の盛り合わせ、様々な魚介が楽しめる一品です。')\r\n","INSERT [dbo].[goods] ([goodscode], [name], [price], [img], [groupCode], [detail]) VALUES (2, N'ラーメン', 850, N'../image/Ra-men01.jpg', 1, N'クラシックな日本風ラーメン、濃厚なスープにチャーシューと煮卵が入っています。')\r\n","INSERT [dbo].[goods] ([goodscode], [name], [price], [img], [groupCode], [detail]) VALUES (3, N'握り寿司セット', 2000, N'../image/Sushi07.jpg', 1, N'厳選された握り寿司のセット、新鮮な魚介が詰まった一皿です。')\r\n","INSERT [dbo].[goods] ([goodscode], [name], [price], [img], [groupCode], [detail]) VALUES (4, N'焼き魚', 1200, N'../image/Yakisakana01.jpg', 1, N'外はカリッと中はジューシーな焼き魚です。')\r\n","INSERT [dbo].[goods] ([goodscode], [name], [price], [img], [groupCode], [detail]) VALUES (5, N'煮物盛り合わせ', 900, N'../image/Nimono01.jpg', 1, N'伝統的な日本の煮物、様々な具材が入った心温まる料理です。')\r\n","INSERT [dbo].[goods] ([goodscode], [name], [price], [img], [groupCode], [detail]) VALUES (6, N'天ぷら盛り合わせ', 1100, N'../image/Tenpura03.jpg', 1, N'カリカリの天ぷら盛り合わせ、海老や野菜が揚げられています。')\r\n","INSERT [dbo].[goods] ([goodscode], [name], [price], [img], [groupCode], [detail]) VALUES (7, N'抹茶アイスクリーム', 500, N'../image/machaicecream.jpg', 1, N'爽やかな抹茶アイスクリーム、濃厚で滑らかな味わいです。')\r\n","INSERT [dbo].[goods] ([goodscode], [name], [price], [img], [groupCode], [detail]) VALUES (8, N'特製ラーメン', 950, N'../image/Ra-men03.jpg', 1, N'特製スープが特徴のラーメン、豊かな味わいが楽しめます。')\r\n","INSERT [dbo].[goods] ([goodscode], [name], [price], [img], [groupCode], [detail]) VALUES (9, N'マグロ刺身', 880, N'../image/Sashimi01.jpg', 2, N'新鮮なマグロの刺身、滑らかな食感と豊かな味わいが特徴です。')\r\n","INSERT [dbo].[goods] ([goodscode], [name], [price], [img], [groupCode], [detail]) VALUES (10, N'中とろ刺身', 2000, N'../image/Sashimi07.jpg', 2, N'中トロの刺身、脂ののった肉質が美味しい一品です。')\r\n","INSERT [dbo].[goods] ([goodscode], [name], [price], [img], [groupCode], [detail]) VALUES (11, N'刺身の２点盛り合わせ', 1800, N'../image/Sashimi03.jpg', 2, N'二種類の新鮮な刺身の盛り合わせ、異なる味わいをお楽しみください。')\r\n","INSERT [dbo].[goods] ([goodscode], [name], [price], [img], [groupCode], [detail]) VALUES (12, N'刺身の３点盛り合わせ', 2500, N'../image/Sashimi06.jpg', 2, N'三種類の刺身の盛り合わせ、海の幸を満喫できます。')\r\n","INSERT [dbo].[goods] ([goodscode], [name], [price], [img], [groupCode], [detail]) VALUES (13, N'刺身の５点盛り合わせ', 4500, N'../image/Sashimi04.jpg', 2, N'五種類の豪華な刺身、豊かな味と鮮度が楽しめます。')\r\n","INSERT [dbo].[goods] ([goodscode], [name], [price], [img], [groupCode], [detail]) VALUES (14, N'刺身の７点盛り合わせ', 6500, N'../image/Sashimi05.jpg', 2, N'七種類の豪華な刺身盛り合わせ、豪華で贅沢な食事です。')\r\n","INSERT [dbo].[goods] ([goodscode], [name], [price], [img], [groupCode], [detail]) VALUES (15, N'握り寿司　松', 1000, N'../image/Sushi01.jpg', 3, N'新鮮な魚を使った握り寿司、食感が良く、風味豊かな一皿です。')\r\n","INSERT [dbo].[goods] ([goodscode], [name], [price], [img], [groupCode], [detail]) VALUES (16, N'握り寿司　竹', 2500, N'../image/Sushi02.jpg', 3, N'様々な種類の新鮮なネタを使った握り寿司セット、贅沢な一品です。')\r\n","INSERT [dbo].[goods] ([goodscode], [name], [price], [img], [groupCode], [detail]) VALUES (17, N'握り寿司　梅', 3500, N'../image/Sushi03.jpg', 3, N'高級な魚を使った梅寿司セット、特別な一品として最適です。')\r\n","INSERT [dbo].[goods] ([goodscode], [name], [price], [img], [groupCode], [detail]) VALUES (18, N'巻き寿司', 500, N'../image/Sushi04.jpg', 3, N'新鮮な魚や野菜を巻いた巻寿司、ヘルシーで美味しいです。')\r\n","INSERT [dbo].[goods] ([goodscode], [name], [price], [img], [groupCode], [detail]) VALUES (19, N'手巻き３点', 1000, N'../image/Sushi05.jpg', 3, N'3種類の手巻き寿司、手軽に楽しめる一皿です。')\r\n","INSERT [dbo].[goods] ([goodscode], [name], [price], [img], [groupCode], [detail]) VALUES (20, N'握り寿司セット', 1800, N'../image/Sushi07.jpg', 3, N'人気の握り寿司セット、色々なネタを楽しめます。')\r\n","INSERT [dbo].[goods] ([goodscode], [name], [price], [img], [groupCode], [detail]) VALUES (21, N'焼きあじ', 1500, N'../image/Yakisakana02.jpg', 4, N'外はカリッと焼かれたアジ、内はジューシーで美味しいです。')\r\n","INSERT [dbo].[goods] ([goodscode], [name], [price], [img], [groupCode], [detail]) VALUES (22, N'西京焼き', 880, N'../image/Yakisakana03.jpg', 4, N'西京味噌で漬け込んだ焼き魚、味噌の風味が魚に染みています。')\r\n","INSERT [dbo].[goods] ([goodscode], [name], [price], [img], [groupCode], [detail]) VALUES (23, N'焼き魚', 1250, N'../image/Yakisakana04.jpg', 4, N'じっくり焼かれた魚、外はパリッと中はしっとりとした食感です。')\r\n","INSERT [dbo].[goods] ([goodscode], [name], [price], [img], [groupCode], [detail]) VALUES (24, N'焼き鮎', 1800, N'../image/Yakisakana05.jpg', 4, N'焼きたての鮎、骨まで食べられる柔らかさが特徴です。')\r\n","INSERT [dbo].[goods] ([goodscode], [name], [price], [img], [groupCode], [detail]) VALUES (25, N'焼き魚', 1550, N'../image/Yakisakana07.jpg', 4, N'焼きたての魚、表面がカリカリで内側はジューシーです。')\r\n","INSERT [dbo].[goods] ([goodscode], [name], [price], [img], [groupCode], [detail]) VALUES (26, N'焼きサーモン', 1200, N'../image/Yakisakana08.jpg', 4, N'香ばしく焼き上げたサーモン、肉質がやわらかく、ジューシーです。')\r\n","INSERT [dbo].[goods] ([goodscode], [name], [price], [img], [groupCode], [detail]) VALUES (27, N'煮込み', 500, N'../image/Nimono02.jpg', 5, N'柔らかく煮込まれた日本の伝統的な煮物、味わい深いです。')\r\n","INSERT [dbo].[goods] ([goodscode], [name], [price], [img], [groupCode], [detail]) VALUES (28, N'煮付け', 600, N'../image/Nimono03.jpg', 5, N'甘辛い味付けの煮魚、しっとりした食感です。')\r\n","INSERT [dbo].[goods] ([goodscode], [name], [price], [img], [groupCode], [detail]) VALUES (29, N'含め煮', 700, N'../image/Nimono04.jpg', 5, N'色々な具材が入った含め煮、旨味が凝縮されています。')\r\n","INSERT [dbo].[goods] ([goodscode], [name], [price], [img], [groupCode], [detail]) VALUES (30, N'煮しめ', 800, N'../image/Nimono05.jpg', 5, N'煮しめに含まれる野菜と肉は、どれも風味豊かで美味しいです。')\r\n","INSERT [dbo].[goods] ([goodscode], [name], [price], [img], [groupCode], [detail]) VALUES (31, N'炊き合せ', 900, N'../image/Nimono06.jpg', 5, N'香り高い煮物の盛り合わせ、具材に合った調味料が使われています。')\r\n","INSERT [dbo].[goods] ([goodscode], [name], [price], [img], [groupCode], [detail]) VALUES (32, N'旨煮', 1000, N'../image/Nimono07.jpg', 5, N'しっかりと煮込まれた食材、味が染み込んでとても美味しいです。')\r\n","INSERT [dbo].[goods] ([goodscode], [name], [price], [img], [groupCode], [detail]) VALUES (33, N'唐揚げ', 680, N'../image/Agemono01.jpg', 6, N'外はカリッと中はジューシーな唐揚げ、特製ソースで味付けしています。')\r\n","INSERT [dbo].[goods] ([goodscode], [name], [price], [img], [groupCode], [detail]) VALUES (34, N'ソースかつ', 1100, N'../image/Agemono02.jpg', 6, N'サクサクのカツに特製ソースをかけた一品です。')\r\n","INSERT [dbo].[goods] ([goodscode], [name], [price], [img], [groupCode], [detail]) VALUES (35, N'ポテトフライ', 1000, N'../image/Agemono03.jpg', 6, N'ホクホクで香ばしい、ほんのり塩味が素材の美味しさを引き立てます。')\r\n","INSERT [dbo].[goods] ([goodscode], [name], [price], [img], [groupCode], [detail]) VALUES (36, N'ロースかつ', 880, N'../image/Agemono05.jpg', 6, N'柔らかいロース肉を使用したカツ、外はサクサクで中はジューシー')\r\n","INSERT [dbo].[goods] ([goodscode], [name], [price], [img], [groupCode], [detail]) VALUES (37, N'唐揚手羽先', 1300, N'../image/Agemono04.jpg', 6, N'外はパリッと香ばしく、中は肉汁たっぷりの手羽先唐揚げ。')\r\n","INSERT [dbo].[goods] ([goodscode], [name], [price], [img], [groupCode], [detail]) VALUES (38, N'串カツ', 1500, N'../image/Agemono06.jpg', 6, N'ジューシーな肉と野菜を串に刺して揚げた串カツです。')\r\n","INSERT [dbo].[goods] ([goodscode], [name], [price], [img], [groupCode], [detail]) VALUES (45, N'樽酒', 2500, N'../image/Sake02.jpg', 8, N'香り高い樽酒、贅沢な味わいです。')\r\n","INSERT [dbo].[goods] ([goodscode], [name], [price], [img], [groupCode], [detail]) VALUES (46, N'魔斬', 1800, N'../image/Sake03.jpg', 8, N'キレのある辛口日本酒。')\r\n","INSERT [dbo].[goods] ([goodscode], [name], [price], [img], [groupCode], [detail]) VALUES (47, N'熱燗', 550, N'../image/Sake06.jpg', 8, N'温かく心地よい日本酒、冷えた身体におすすめ。')\r\n","INSERT [dbo].[goods] ([goodscode], [name], [price], [img], [groupCode], [detail]) VALUES (48, N'冷酒', 580, N'../image/Sake05.jpg', 8, N'冷たく爽やかな日本酒、料理との相性抜群です。')\r\n","INSERT [dbo].[goods] ([goodscode], [name], [price], [img], [groupCode], [detail]) VALUES (49, N'ビール', 500, N'../image/bear.jpg', 8, N'冷たいビール、喉越しが最高です。')\r\n","INSERT [dbo].[goods] ([goodscode], [name], [price], [img], [groupCode], [detail]) VALUES (50, N'ハイボール', 340, N'../image/highball.jpg', 8, N'スッキリとしたハイボール、軽いお酒が好きな方に。')\r\n","INSERT [dbo].[goods] ([goodscode], [name], [price], [img], [groupCode], [detail]) VALUES (51, N'冷水', 0, N'../image/Ohiya01.jpg', 9, N'無料でご提供する冷たいお水。')\r\n","INSERT [dbo].[goods] ([goodscode], [name], [price], [img], [groupCode], [detail]) VALUES (52, N'緑茶', 0, N'../image/Otya08.jpg', 9, N'香り豊かな緑茶、無料で提供されます。')\r\n","INSERT [dbo].[goods] ([goodscode], [name], [price], [img], [groupCode], [detail]) VALUES (53, N'取り皿', 0, N'../image/torizara.jpg', 9, N'追加の取り皿、無料で利用可能です。')\r\n","INSERT [dbo].[goods] ([goodscode], [name], [price], [img], [groupCode], [detail]) VALUES (54, N'おしぼり', 0, N'../image/towel.jpg', 9, N'リフレッシュできる無料おしぼり。')\r\n","INSERT [dbo].[goods] ([goodscode], [name], [price], [img], [groupCode], [detail]) VALUES (55, N'わさび', 0, N'../image/wasabi.jpg', 9, N'辛味を加えるための無料わさび。')\r\n","INSERT [dbo].[goods] ([goodscode], [name], [price], [img], [groupCode], [detail]) VALUES (56, N'からし', 0, N'../image/karashi.jpg', 9, N'ピリッとした辛味が特徴の無料からし。')\r\n","INSERT [dbo].[goods] ([goodscode], [name], [price], [img], [groupCode], [detail]) VALUES (57, N'キャラメルプリン', 500, N'../image/Dessert02.jpg', 7, N'濃厚なキャラメル風味のプリンです。')\r\n","INSERT [dbo].[goods] ([goodscode], [name], [price], [img], [groupCode], [detail]) VALUES (58, N'イチゴケーキ', 800, N'../image/Dessert03.jpg', 7, N'新鮮なイチゴがたっぷりと載ったケーキです。')\r\n","INSERT [dbo].[goods] ([goodscode], [name], [price], [img], [groupCode], [detail]) VALUES (59, N'杏仁豆腐', 550, N'../image/Dessert04.jpg', 7, N'なめらかで甘さ控えめの杏仁豆腐です。')\r\n","INSERT [dbo].[goods] ([goodscode], [name], [price], [img], [groupCode], [detail]) VALUES (60, N'ショートケーキ', 880, N'../image/Dessert08.jpg', 7, N'ふわふわのスポンジに甘いクリームが載ったケーキです。')\r\n","INSERT [dbo].[goods] ([goodscode], [name], [price], [img], [groupCode], [detail]) VALUES (61, N'パンケーキ', 1200, N'../image/Dessert06.jpg', 7, N'ふわふわのパンケーキにシロップがたっぷりとかかった一品です。')\r\n","INSERT [dbo].[goods] ([goodscode], [name], [price], [img], [groupCode], [detail]) VALUES (62, N'いちご大福', 520, N'../image/Dessert07.jpg', 7, N'もちもちの餅で甘いイチゴを包んだ和菓子です。')\r\n","SET IDENTITY_INSERT [dbo].[goods] OFF\r\n","GO\r\n"],"metadata":{"urn":"Server[@Name='JNSV01\\SOTSU']/Database[@Name='23jn02_G05']/Table[@Name='goods' and @Schema='dbo']","object_type":"Table"}},{"cell_type":"markdown","source":["# [dbo].[groups]"],"metadata":{"urn":"Server[@Name='JNSV01\\SOTSU']/Database[@Name='23jn02_G05']/Table[@Name='groups' and @Schema='dbo']","object_type":"Table"}},{"outputs":[],"execution_count":0,"cell_type":"code","source":["INSERT [dbo].[groups] ([groupCode], [groupName]) VALUES (1, N'おすすめ')\r\n","INSERT [dbo].[groups] ([groupCode], [groupName]) VALUES (2, N'刺身')\r\n","INSERT [dbo].[groups] ([groupCode], [groupName]) VALUES (3, N'お寿司')\r\n","INSERT [dbo].[groups] ([groupCode], [groupName]) VALUES (4, N'焼き物')\r\n","INSERT [dbo].[groups] ([groupCode], [groupName]) VALUES (5, N'煮物')\r\n","INSERT [dbo].[groups] ([groupCode], [groupName]) VALUES (6, N'揚げ物')\r\n","INSERT [dbo].[groups] ([groupCode], [groupName]) VALUES (7, N'デザート')\r\n","INSERT [dbo].[groups] ([groupCode], [groupName]) VALUES (8, N'ドリング')\r\n","INSERT [dbo].[groups] ([groupCode], [groupName]) VALUES (9, N'サービス')\r\n","GO\r\n"],"metadata":{"urn":"Server[@Name='JNSV01\\SOTSU']/Database[@Name='23jn02_G05']/Table[@Name='groups' and @Schema='dbo']","object_type":"Table"}},{"cell_type":"markdown","source":["# [dbo].[Kaiin]"],"metadata":{"urn":"Server[@Name='JNSV01\\SOTSU']/Database[@Name='23jn02_G05']/Table[@Name='Kaiin' and @Schema='dbo']","object_type":"Table"}},{"outputs":[],"execution_count":0,"cell_type":"code","source":["INSERT [dbo].[Kaiin] ([kaiinID], [sei], [mei], [EMail], [tel], [psword]) VALUES (2, N'佐藤', N'二郎', N'hanako.sato@example.com', N'080-2345-6789', N'22222222')\r\n","INSERT [dbo].[Kaiin] ([kaiinID], [sei], [mei], [EMail], [tel], [psword]) VALUES (3, N'李', N'政旻', N'tamagochi@jec.ac.jp', N'070-1234-5678', N'1324354657')\r\n","INSERT [dbo].[Kaiin] ([kaiinID], [sei], [mei], [EMail], [tel], [psword]) VALUES (4, N'高橋', N'次郎', N'jiro.takahashi@example.com', N'060-4567-8901', N'passw0rd!')\r\n","INSERT [dbo].[Kaiin] ([kaiinID], [sei], [mei], [EMail], [tel], [psword]) VALUES (5, N'田中', N'三郎', N'saburo.tanaka@example.com', N'050-5678-9012', N'12345pass')\r\n","INSERT [dbo].[Kaiin] ([kaiinID], [sei], [mei], [EMail], [tel], [psword]) VALUES (6, N'田中', N'一郎', N'ichiro.tanaka@example.com', N'050-5678-9012', N'12345pass')\r\n","INSERT [dbo].[Kaiin] ([kaiinID], [sei], [mei], [EMail], [tel], [psword]) VALUES (7, N'佐々木', N'雅子', N'masako.sasaki@example.com', N'080-6789-1234', N'newpassword123')\r\n","INSERT [dbo].[Kaiin] ([kaiinID], [sei], [mei], [EMail], [tel], [psword]) VALUES (8, N'木村', N'健太', N'kenta.kimura@example.com', N'090-2345-6789', N'strongPass2')\r\n","INSERT [dbo].[Kaiin] ([kaiinID], [sei], [mei], [EMail], [tel], [psword]) VALUES (9, N'中村', N'理恵', N'rie.nakamura@example.com', N'070-9876-5432', N'securePass!2024')\r\n","INSERT [dbo].[Kaiin] ([kaiinID], [sei], [mei], [EMail], [tel], [psword]) VALUES (10, N'本木', N'海莉', N'23jn0243@jec.ac.jp', N'070-3353-1504', N'motokikairi')\r\n","INSERT [dbo].[Kaiin] ([kaiinID], [sei], [mei], [EMail], [tel], [psword]) VALUES (11, N'坂本', N'太郎', N'23jn022424@jec.ac.jp', N'080-5678-1234', N'123123123')\r\n","INSERT [dbo].[Kaiin] ([kaiinID], [sei], [mei], [EMail], [tel], [psword]) VALUES (14, N'わた', N'ねいろ', N'wataneiro@jec.ac.jp', N'090-6361-6361', N'neiro6361')\r\n","GO\r\n"],"metadata":{"urn":"Server[@Name='JNSV01\\SOTSU']/Database[@Name='23jn02_G05']/Table[@Name='Kaiin' and @Schema='dbo']","object_type":"Table"}},{"cell_type":"markdown","source":["# [dbo].[Orders]"],"metadata":{"urn":"Server[@Name='JNSV01\\SOTSU']/Database[@Name='23jn02_G05']/Table[@Name='Orders' and @Schema='dbo']","object_type":"Table"}},{"outputs":[],"execution_count":0,"cell_type":"code","source":["SET IDENTITY_INSERT [dbo].[Orders] ON \r\n","INSERT [dbo].[Orders] ([orderID], [kaiinID], [dish_name], [price], [num], [order_date]) VALUES (38, 1, N'握り寿司セット', CAST(2000.00 AS Decimal(10, 2)), 4, CAST(N'2024-12-27T14:55:34.137' AS DateTime))\r\n","INSERT [dbo].[Orders] ([orderID], [kaiinID], [dish_name], [price], [num], [order_date]) VALUES (39, 1, N'焼き魚', CAST(1200.00 AS Decimal(10, 2)), 1, CAST(N'2024-12-27T14:55:34.143' AS DateTime))\r\n","INSERT [dbo].[Orders] ([orderID], [kaiinID], [dish_name], [price], [num], [order_date]) VALUES (40, 1, N'刺身の盛り合わせ', CAST(1650.00 AS Decimal(10, 2)), 4, CAST(N'2024-12-27T14:55:34.147' AS DateTime))\r\n","INSERT [dbo].[Orders] ([orderID], [kaiinID], [dish_name], [price], [num], [order_date]) VALUES (41, 1, N'煮しめ', CAST(800.00 AS Decimal(10, 2)), 1, CAST(N'2024-12-28T11:03:14.707' AS DateTime))\r\n","INSERT [dbo].[Orders] ([orderID], [kaiinID], [dish_name], [price], [num], [order_date]) VALUES (42, 1, N'握り寿司　梅', CAST(3500.00 AS Decimal(10, 2)), 1, CAST(N'2024-12-28T11:03:14.753' AS DateTime))\r\n","INSERT [dbo].[Orders] ([orderID], [kaiinID], [dish_name], [price], [num], [order_date]) VALUES (43, 1, N'焼きサーモン', CAST(1200.00 AS Decimal(10, 2)), 1, CAST(N'2024-12-28T11:03:14.833' AS DateTime))\r\n","INSERT [dbo].[Orders] ([orderID], [kaiinID], [dish_name], [price], [num], [order_date]) VALUES (44, 2, N'焼き魚', CAST(1200.00 AS Decimal(10, 2)), 1, CAST(N'2024-12-28T12:45:16.803' AS DateTime))\r\n","INSERT [dbo].[Orders] ([orderID], [kaiinID], [dish_name], [price], [num], [order_date]) VALUES (45, 2, N'天ぷら盛り合わせ', CAST(1100.00 AS Decimal(10, 2)), 1, CAST(N'2024-12-28T12:45:16.810' AS DateTime))\r\n","INSERT [dbo].[Orders] ([orderID], [kaiinID], [dish_name], [price], [num], [order_date]) VALUES (46, 2, N'抹茶アイスクリーム', CAST(500.00 AS Decimal(10, 2)), 1, CAST(N'2024-12-28T12:45:16.813' AS DateTime))\r\n","INSERT [dbo].[Orders] ([orderID], [kaiinID], [dish_name], [price], [num], [order_date]) VALUES (47, 3, N'天ぷら盛り合わせ', CAST(1100.00 AS Decimal(10, 2)), 1, CAST(N'2024-12-28T12:49:50.177' AS DateTime))\r\n","INSERT [dbo].[Orders] ([orderID], [kaiinID], [dish_name], [price], [num], [order_date]) VALUES (48, 3, N'抹茶アイスクリーム', CAST(500.00 AS Decimal(10, 2)), 3, CAST(N'2024-12-28T12:49:50.227' AS DateTime))\r\n","INSERT [dbo].[Orders] ([orderID], [kaiinID], [dish_name], [price], [num], [order_date]) VALUES (49, 3, N'天ぷら盛り合わせ', CAST(1100.00 AS Decimal(10, 2)), 1, CAST(N'2024-12-28T12:49:50.307' AS DateTime))\r\n","INSERT [dbo].[Orders] ([orderID], [kaiinID], [dish_name], [price], [num], [order_date]) VALUES (50, 1, N'ロースかつ', CAST(880.00 AS Decimal(10, 2)), 1, CAST(N'2024-12-29T10:54:51.130' AS DateTime))\r\n","INSERT [dbo].[Orders] ([orderID], [kaiinID], [dish_name], [price], [num], [order_date]) VALUES (51, 1, N'天ぷら盛り合わせ', CAST(1100.00 AS Decimal(10, 2)), 2, CAST(N'2024-12-29T10:54:51.137' AS DateTime))\r\n","INSERT [dbo].[Orders] ([orderID], [kaiinID], [dish_name], [price], [num], [order_date]) VALUES (52, 2, N'巻き寿司', CAST(500.00 AS Decimal(10, 2)), 1, CAST(N'2024-12-29T11:45:50.260' AS DateTime))\r\n","INSERT [dbo].[Orders] ([orderID], [kaiinID], [dish_name], [price], [num], [order_date]) VALUES (53, 2, N'煮物盛り合わせ', CAST(900.00 AS Decimal(10, 2)), 1, CAST(N'2024-12-29T11:45:50.307' AS DateTime))\r\n","INSERT [dbo].[Orders] ([orderID], [kaiinID], [dish_name], [price], [num], [order_date]) VALUES (54, 2, N'抹茶アイスクリーム', CAST(500.00 AS Decimal(10, 2)), 1, CAST(N'2024-12-29T11:45:50.387' AS DateTime))\r\n","INSERT [dbo].[Orders] ([orderID], [kaiinID], [dish_name], [price], [num], [order_date]) VALUES (55, 1, N'煮物盛り合わせ', CAST(900.00 AS Decimal(10, 2)), 2, CAST(N'2025-01-01T00:07:35.943' AS DateTime))\r\n","INSERT [dbo].[Orders] ([orderID], [kaiinID], [dish_name], [price], [num], [order_date]) VALUES (56, 2, N'刺身の盛り合わせ', CAST(1650.00 AS Decimal(10, 2)), 1, CAST(N'2025-01-01T00:11:30.760' AS DateTime))\r\n","INSERT [dbo].[Orders] ([orderID], [kaiinID], [dish_name], [price], [num], [order_date]) VALUES (57, 2, N'ソースかつ', CAST(1100.00 AS Decimal(10, 2)), 1, CAST(N'2025-01-01T00:11:30.770' AS DateTime))\r\n","INSERT [dbo].[Orders] ([orderID], [kaiinID], [dish_name], [price], [num], [order_date]) VALUES (58, 2, N'抹茶アイスクリーム', CAST(500.00 AS Decimal(10, 2)), 1, CAST(N'2025-01-01T00:11:30.770' AS DateTime))\r\n","INSERT [dbo].[Orders] ([orderID], [kaiinID], [dish_name], [price], [num], [order_date]) VALUES (59, 2, N'握り寿司セット', CAST(2000.00 AS Decimal(10, 2)), 3, CAST(N'2025-01-09T13:29:12.787' AS DateTime))\r\n","INSERT [dbo].[Orders] ([orderID], [kaiinID], [dish_name], [price], [num], [order_date]) VALUES (60, 1, N'特製ラーメン', CAST(950.00 AS Decimal(10, 2)), 1, CAST(N'2025-01-09T13:44:50.853' AS DateTime))\r\n","INSERT [dbo].[Orders] ([orderID], [kaiinID], [dish_name], [price], [num], [order_date]) VALUES (61, 3, N'焼き魚', CAST(1200.00 AS Decimal(10, 2)), 1, CAST(N'2025-01-09T13:58:25.970' AS DateTime))\r\n","INSERT [dbo].[Orders] ([orderID], [kaiinID], [dish_name], [price], [num], [order_date]) VALUES (62, 1, N'刺身の盛り合わせ', CAST(1650.00 AS Decimal(10, 2)), 1, CAST(N'2025-01-09T13:59:59.783' AS DateTime))\r\n","INSERT [dbo].[Orders] ([orderID], [kaiinID], [dish_name], [price], [num], [order_date]) VALUES (63, 4, N'焼き魚', CAST(1200.00 AS Decimal(10, 2)), 1, CAST(N'2025-01-09T14:00:02.840' AS DateTime))\r\n","INSERT [dbo].[Orders] ([orderID], [kaiinID], [dish_name], [price], [num], [order_date]) VALUES (64, 4, N'煮物盛り合わせ', CAST(900.00 AS Decimal(10, 2)), 1, CAST(N'2025-01-09T14:00:02.847' AS DateTime))\r\n","INSERT [dbo].[Orders] ([orderID], [kaiinID], [dish_name], [price], [num], [order_date]) VALUES (65, 3, N'ラーメン', CAST(850.00 AS Decimal(10, 2)), 1, CAST(N'2025-01-09T16:14:48.093' AS DateTime))\r\n","INSERT [dbo].[Orders] ([orderID], [kaiinID], [dish_name], [price], [num], [order_date]) VALUES (66, 3, N'握り寿司セット', CAST(2000.00 AS Decimal(10, 2)), 1, CAST(N'2025-01-09T16:14:48.097' AS DateTime))\r\n","INSERT [dbo].[Orders] ([orderID], [kaiinID], [dish_name], [price], [num], [order_date]) VALUES (67, 11, N'煮込み', CAST(500.00 AS Decimal(10, 2)), 1, CAST(N'2025-01-15T11:14:03.643' AS DateTime))\r\n","INSERT [dbo].[Orders] ([orderID], [kaiinID], [dish_name], [price], [num], [order_date]) VALUES (68, 11, N'抹茶アイスクリーム', CAST(500.00 AS Decimal(10, 2)), 1, CAST(N'2025-01-15T11:14:03.647' AS DateTime))\r\n","INSERT [dbo].[Orders] ([orderID], [kaiinID], [dish_name], [price], [num], [order_date]) VALUES (69, 11, N'煮込み', CAST(500.00 AS Decimal(10, 2)), 1, CAST(N'2025-01-15T11:32:35.673' AS DateTime))\r\n","INSERT [dbo].[Orders] ([orderID], [kaiinID], [dish_name], [price], [num], [order_date]) VALUES (70, 4, N'焼き魚', CAST(1200.00 AS Decimal(10, 2)), 1, CAST(N'2025-01-15T12:09:46.477' AS DateTime))\r\n","INSERT [dbo].[Orders] ([orderID], [kaiinID], [dish_name], [price], [num], [order_date]) VALUES (71, 4, N'焼き魚', CAST(1200.00 AS Decimal(10, 2)), 1, CAST(N'2025-01-15T12:09:46.483' AS DateTime))\r\n","INSERT [dbo].[Orders] ([orderID], [kaiinID], [dish_name], [price], [num], [order_date]) VALUES (72, 4, N'握り寿司セット', CAST(2000.00 AS Decimal(10, 2)), 1, CAST(N'2025-01-15T12:09:46.483' AS DateTime))\r\n","INSERT [dbo].[Orders] ([orderID], [kaiinID], [dish_name], [price], [num], [order_date]) VALUES (75, 4, N'刺身の盛り合わせ', CAST(1650.00 AS Decimal(10, 2)), 1, CAST(N'2025-01-16T14:29:41.190' AS DateTime))\r\n","INSERT [dbo].[Orders] ([orderID], [kaiinID], [dish_name], [price], [num], [order_date]) VALUES (77, 3, N'刺身の盛り合わせ', CAST(1650.00 AS Decimal(10, 2)), 1, CAST(N'2025-01-21T10:00:19.150' AS DateTime))\r\n","INSERT [dbo].[Orders] ([orderID], [kaiinID], [dish_name], [price], [num], [order_date]) VALUES (78, 3, N'天ぷら', CAST(1200.00 AS Decimal(10, 2)), 1, CAST(N'2025-01-21T10:00:19.157' AS DateTime))\r\n","INSERT [dbo].[Orders] ([orderID], [kaiinID], [dish_name], [price], [num], [order_date]) VALUES (79, 3, N'特製ラーメン', CAST(950.00 AS Decimal(10, 2)), 1, CAST(N'2025-01-21T10:00:19.160' AS DateTime))\r\n","INSERT [dbo].[Orders] ([orderID], [kaiinID], [dish_name], [price], [num], [order_date]) VALUES (80, 3, N'刺身の盛り合わせ', CAST(1650.00 AS Decimal(10, 2)), 1, CAST(N'2025-01-21T10:00:19.160' AS DateTime))\r\n","INSERT [dbo].[Orders] ([orderID], [kaiinID], [dish_name], [price], [num], [order_date]) VALUES (94, 2, N'煮物盛り合わせ', CAST(900.00 AS Decimal(10, 2)), 1, CAST(N'2025-01-27T21:24:49.000' AS DateTime))\r\n","INSERT [dbo].[Orders] ([orderID], [kaiinID], [dish_name], [price], [num], [order_date]) VALUES (95, 2, N'刺身の盛り合わせ', CAST(1650.00 AS Decimal(10, 2)), 1, CAST(N'2025-01-27T21:24:49.040' AS DateTime))\r\n","INSERT [dbo].[Orders] ([orderID], [kaiinID], [dish_name], [price], [num], [order_date]) VALUES (96, 2, N'天ぷら', CAST(1200.00 AS Decimal(10, 2)), 1, CAST(N'2025-01-27T21:24:49.170' AS DateTime))\r\n","INSERT [dbo].[Orders] ([orderID], [kaiinID], [dish_name], [price], [num], [order_date]) VALUES (97, 2, N'握り寿司　松', CAST(1000.00 AS Decimal(10, 2)), 1, CAST(N'2025-01-27T21:24:49.190' AS DateTime))\r\n","INSERT [dbo].[Orders] ([orderID], [kaiinID], [dish_name], [price], [num], [order_date]) VALUES (98, 2, N'ラーメン', CAST(850.00 AS Decimal(10, 2)), 1, CAST(N'2025-01-27T21:25:41.787' AS DateTime))\r\n","INSERT [dbo].[Orders] ([orderID], [kaiinID], [dish_name], [price], [num], [order_date]) VALUES (99, 2, N'ラーメン', CAST(850.00 AS Decimal(10, 2)), 1, CAST(N'2025-01-27T21:25:41.797' AS DateTime))\r\n","INSERT [dbo].[Orders] ([orderID], [kaiinID], [dish_name], [price], [num], [order_date]) VALUES (101, 2, N'煮物盛り合わせ', CAST(900.00 AS Decimal(10, 2)), 1, CAST(N'2025-01-28T09:32:59.273' AS DateTime))\r\n","INSERT [dbo].[Orders] ([orderID], [kaiinID], [dish_name], [price], [num], [order_date]) VALUES (102, 2, N'天ぷら', CAST(1200.00 AS Decimal(10, 2)), 1, CAST(N'2025-01-28T09:32:59.277' AS DateTime))\r\n","INSERT [dbo].[Orders] ([orderID], [kaiinID], [dish_name], [price], [num], [order_date]) VALUES (103, 14, N'刺身の盛り合わせ', CAST(1650.00 AS Decimal(10, 2)), 1, CAST(N'2025-01-30T13:34:22.597' AS DateTime))\r\n","INSERT [dbo].[Orders] ([orderID], [kaiinID], [dish_name], [price], [num], [order_date]) VALUES (104, 14, N'握り寿司　松', CAST(1000.00 AS Decimal(10, 2)), 1, CAST(N'2025-01-30T13:34:22.603' AS DateTime))\r\n","INSERT [dbo].[Orders] ([orderID], [kaiinID], [dish_name], [price], [num], [order_date]) VALUES (105, 14, N'中とろ刺身', CAST(2000.00 AS Decimal(10, 2)), 1, CAST(N'2025-01-30T13:34:22.603' AS DateTime))\r\n","INSERT [dbo].[Orders] ([orderID], [kaiinID], [dish_name], [price], [num], [order_date]) VALUES (106, 14, N'キャラメルプリン', CAST(500.00 AS Decimal(10, 2)), 1, CAST(N'2025-01-30T13:34:22.607' AS DateTime))\r\n","INSERT [dbo].[Orders] ([orderID], [kaiinID], [dish_name], [price], [num], [order_date]) VALUES (107, 14, N'ショートケーキ', CAST(880.00 AS Decimal(10, 2)), 1, CAST(N'2025-01-30T14:30:02.130' AS DateTime))\r\n","INSERT [dbo].[Orders] ([orderID], [kaiinID], [dish_name], [price], [num], [order_date]) VALUES (108, 14, N'煮物盛り合わせ', CAST(900.00 AS Decimal(10, 2)), 1, CAST(N'2025-01-30T14:30:02.137' AS DateTime))\r\n","INSERT [dbo].[Orders] ([orderID], [kaiinID], [dish_name], [price], [num], [order_date]) VALUES (109, 2, N'特製ラーメン', CAST(950.00 AS Decimal(10, 2)), 1, CAST(N'2025-01-30T14:32:10.483' AS DateTime))\r\n","INSERT [dbo].[Orders] ([orderID], [kaiinID], [dish_name], [price], [num], [order_date]) VALUES (110, 2, N'ラーメン', CAST(850.00 AS Decimal(10, 2)), 1, CAST(N'2025-01-30T14:52:48.940' AS DateTime))\r\n","INSERT [dbo].[Orders] ([orderID], [kaiinID], [dish_name], [price], [num], [order_date]) VALUES (111, 9, N'握り寿司セット', CAST(2000.00 AS Decimal(10, 2)), 1, CAST(N'2025-01-30T15:46:45.067' AS DateTime))\r\n","INSERT [dbo].[Orders] ([orderID], [kaiinID], [dish_name], [price], [num], [order_date]) VALUES (112, 9, N'ラーメン', CAST(850.00 AS Decimal(10, 2)), 1, CAST(N'2025-01-30T15:46:45.067' AS DateTime))\r\n","INSERT [dbo].[Orders] ([orderID], [kaiinID], [dish_name], [price], [num], [order_date]) VALUES (113, 2, N'ポテトフライ', CAST(1000.00 AS Decimal(10, 2)), 1, CAST(N'2025-01-30T16:14:39.860' AS DateTime))\r\n","INSERT [dbo].[Orders] ([orderID], [kaiinID], [dish_name], [price], [num], [order_date]) VALUES (114, 2, N'ソースかつ', CAST(1100.00 AS Decimal(10, 2)), 1, CAST(N'2025-01-30T16:14:39.937' AS DateTime))\r\n","INSERT [dbo].[Orders] ([orderID], [kaiinID], [dish_name], [price], [num], [order_date]) VALUES (115, 2, N'ポテトフライ', CAST(1000.00 AS Decimal(10, 2)), 1, CAST(N'2025-01-30T16:14:39.977' AS DateTime))\r\n","INSERT [dbo].[Orders] ([orderID], [kaiinID], [dish_name], [price], [num], [order_date]) VALUES (116, 2, N'煮物盛り合わせ', CAST(900.00 AS Decimal(10, 2)), 1, CAST(N'2025-02-03T11:51:15.103' AS DateTime))\r\n","INSERT [dbo].[Orders] ([orderID], [kaiinID], [dish_name], [price], [num], [order_date]) VALUES (117, 2, N'串カツ', CAST(1500.00 AS Decimal(10, 2)), 1, CAST(N'2025-02-03T11:51:15.103' AS DateTime))\r\n","SET IDENTITY_INSERT [dbo].[Orders] OFF\r\n","GO\r\n"],"metadata":{"urn":"Server[@Name='JNSV01\\SOTSU']/Database[@Name='23jn02_G05']/Table[@Name='Orders' and @Schema='dbo']","object_type":"Table"}},{"cell_type":"markdown","source":["# [dbo].[Shain]"],"metadata":{"urn":"Server[@Name='JNSV01\\SOTSU']/Database[@Name='23jn02_G05']/Table[@Name='Shain' and @Schema='dbo']","object_type":"Table"}},{"outputs":[],"execution_count":0,"cell_type":"code","source":["INSERT [dbo].[Shain] ([shainID], [sei], [mei], [EMail], [password], [phone_number]) VALUES (1, N'井上', N'和', N'nagi.inoue@example.com', N'nagi', N'080-1234-5678')\r\n","INSERT [dbo].[Shain] ([shainID], [sei], [mei], [EMail], [password], [phone_number]) VALUES (2, N'岩本', N'蓮加', N'renka.iwamoto@example.com', N'renka', N'080-2345-6789')\r\n","INSERT [dbo].[Shain] ([shainID], [sei], [mei], [EMail], [password], [phone_number]) VALUES (3, N'山下', N'美月', N'mizuki.yamashita@example.com', N'mizuki', N'070-3456-7890')\r\n","INSERT [dbo].[Shain] ([shainID], [sei], [mei], [EMail], [password], [phone_number]) VALUES (4, N'白石', N'麻衣', N'mai.shiraishi@example.com', N'mai', N'060-4567-8901')\r\n","INSERT [dbo].[Shain] ([shainID], [sei], [mei], [EMail], [password], [phone_number]) VALUES (6, N'一ノ瀬', N'美空', N'miku.ichinose@example.com', N'miku', N'080-0524-4646')\r\n","INSERT [dbo].[Shain] ([shainID], [sei], [mei], [EMail], [password], [phone_number]) VALUES (7, N'西野', N'七瀬', N'nanase.nishino@example.com', N'nanase', N'090-4646-0525')\r\n","INSERT [dbo].[Shain] ([shainID], [sei], [mei], [EMail], [password], [phone_number]) VALUES (8, N'羅', N'寿合', N'jec02@jec.ac.jp', N'11111111', N'080-1234-1111')\r\n","INSERT [dbo].[Shain] ([shainID], [sei], [mei], [EMail], [password], [phone_number]) VALUES (9, N'青山', N'太郎', N'jec04@jec.ac.jp', N'11111111', N'090-1234-9999')\r\n","INSERT [dbo].[Shain] ([shainID], [sei], [mei], [EMail], [password], [phone_number]) VALUES (10, N'青山', N'太郎', N'jec01@jec.ac.jp', N'1111111111', N'090-1234-5678')\r\n","INSERT [dbo].[Shain] ([shainID], [sei], [mei], [EMail], [password], [phone_number]) VALUES (11, N'青山', N'太郎', N'jec06@jec.ac.jp', N'dsadqw412wedsasd12q', N'090-1234-9999')\r\n","INSERT [dbo].[Shain] ([shainID], [sei], [mei], [EMail], [password], [phone_number]) VALUES (12, N'わた', N'ねいろ', N'wataneiro@jec.ac.jp', N'neiro6361', N'090-6361-6361')\r\n","INSERT [dbo].[Shain] ([shainID], [sei], [mei], [EMail], [password], [phone_number]) VALUES (13, N'電子', N'太郎', N'23jn0000@jec.ac.jp', N'11111111', N'090-1111-1111')\r\n","INSERT [dbo].[Shain] ([shainID], [sei], [mei], [EMail], [password], [phone_number]) VALUES (14, N'電子', N'次郎', N'23jn1111@jec.ac.jp', N'11111111', N'090-0000-0000')\r\n","GO\r\n"],"metadata":{"urn":"Server[@Name='JNSV01\\SOTSU']/Database[@Name='23jn02_G05']/Table[@Name='Shain' and @Schema='dbo']","object_type":"Table"}},{"cell_type":"markdown","source":["# [dbo].[tableNo]"],"metadata":{"urn":"Server[@Name='JNSV01\\SOTSU']/Database[@Name='23jn02_G05']/Table[@Name='tableNo' and @Schema='dbo']","object_type":"Table"}},{"outputs":[],"execution_count":0,"cell_type":"code","source":["INSERT [dbo].[tableNo] ([tableNo], [yobidasiState], [syokujistate], [kaiinID]) VALUES (1, 0, 1, 14)\r\n","INSERT [dbo].[tableNo] ([tableNo], [yobidasiState], [syokujistate], [kaiinID]) VALUES (2, 0, 1, 2)\r\n","INSERT [dbo].[tableNo] ([tableNo], [yobidasiState], [syokujistate], [kaiinID]) VALUES (3, 0, 1, 11)\r\n","INSERT [dbo].[tableNo] ([tableNo], [yobidasiState], [syokujistate], [kaiinID]) VALUES (4, 0, 0, 0)\r\n","INSERT [dbo].[tableNo] ([tableNo], [yobidasiState], [syokujistate], [kaiinID]) VALUES (5, 0, 0, 0)\r\n","INSERT [dbo].[tableNo] ([tableNo], [yobidasiState], [syokujistate], [kaiinID]) VALUES (6, 0, 0, 0)\r\n","INSERT [dbo].[tableNo] ([tableNo], [yobidasiState], [syokujistate], [kaiinID]) VALUES (7, 0, 0, 0)\r\n","INSERT [dbo].[tableNo] ([tableNo], [yobidasiState], [syokujistate], [kaiinID]) VALUES (8, 0, 0, 0)\r\n","INSERT [dbo].[tableNo] ([tableNo], [yobidasiState], [syokujistate], [kaiinID]) VALUES (9, 0, 0, 0)\r\n","GO\r\n"],"metadata":{"urn":"Server[@Name='JNSV01\\SOTSU']/Database[@Name='23jn02_G05']/Table[@Name='tableNo' and @Schema='dbo']","object_type":"Table"}},{"cell_type":"markdown","source":["# [DF__Orders__order_da__07C12930]"],"metadata":{"urn":"Server[@Name='JNSV01\\SOTSU']/Database[@Name='23jn02_G05']/Table[@Name='Orders' and @Schema='dbo']/Column[@Name='order_date']/Default[@Name='DF__Orders__order_da__07C12930']","object_type":"Default"}},{"outputs":[],"execution_count":0,"cell_type":"code","source":["ALTER TABLE [dbo].[Orders] ADD  DEFAULT (getdate()) FOR [order_date]\r\n","GO\r\n"],"metadata":{"urn":"Server[@Name='JNSV01\\SOTSU']/Database[@Name='23jn02_G05']/Table[@Name='Orders' and @Schema='dbo']/Column[@Name='order_date']/Default[@Name='DF__Orders__order_da__07C12930']","object_type":"Default"}},{"cell_type":"markdown","source":["# [FK__goods__groupCode__4BAC3F29]"],"metadata":{"urn":"Server[@Name='JNSV01\\SOTSU']/Database[@Name='23jn02_G05']/Table[@Name='goods' and @Schema='dbo']/ForeignKey[@Name='FK__goods__groupCode__4BAC3F29']","object_type":"ForeignKey"}},{"outputs":[],"execution_count":0,"cell_type":"code","source":["ALTER TABLE [dbo].[goods]  WITH CHECK ADD FOREIGN KEY([groupCode])\r\nREFERENCES [dbo].[groups] ([groupCode])\r\n","GO\r\n"],"metadata":{"urn":"Server[@Name='JNSV01\\SOTSU']/Database[@Name='23jn02_G05']/Table[@Name='goods' and @Schema='dbo']/ForeignKey[@Name='FK__goods__groupCode__4BAC3F29']","object_type":"ForeignKey"}},{"cell_type":"markdown","source":["# [23jn02_G05]"],"metadata":{"urn":"Server[@Name='JNSV01\\SOTSU']/Database[@Name='23jn02_G05']","object_type":"Database"}},{"outputs":[],"execution_count":0,"cell_type":"code","source":["USE [master]\r\n","GO\r\n"],"metadata":{"urn":"Server[@Name='JNSV01\\SOTSU']/Database[@Name='23jn02_G05']","object_type":"Database"}},{"outputs":[],"execution_count":0,"cell_type":"code","source":["ALTER DATABASE [23jn02_G05] SET  READ_WRITE \r\n","GO\r\n"],"metadata":{"urn":"Server[@Name='JNSV01\\SOTSU']/Database[@Name='23jn02_G05']","object_type":"Database"}}]}